time,size,volume,Candle1Size,Candle2Size,Candle3Size,Candle4Size,breakout_type,support_level,resistance_level
2023-01-05 15:30:00+00:00,2.2450000000001182,2441,5.4849999999999,1.900000000000091,1.5199999999999818,9.710000000000036,support,1830.02,1863.9
2023-01-06 16:00:00+00:00,1.9649999999999181,2401,4.740000000000009,13.779999999999973,2.1799999999998363,5.985000000000127,resistance,1826.915,1860.335
2023-01-06 17:00:00+00:00,1.775000000000091,1370,2.8899999999998727,1.9649999999999181,4.740000000000009,13.779999999999973,resistance,1826.915,1862.345
2023-01-06 18:30:00+00:00,4.414999999999964,2091,2.035000000000082,0.5900000000001455,1.775000000000091,2.8899999999998727,resistance,1826.915,1863.455
2023-01-06 20:00:00+00:00,0.29500000000007276,893,0.5950000000000273,0.4650000000001455,4.414999999999964,2.035000000000082,resistance,1826.915,1868.76
2023-01-09 00:00:00+00:00,1.1600000000000819,1351,1.3600000000001273,0.6299999999998818,0.005000000000109139,0.8949999999999818,resistance,1826.915,1868.93
2023-01-09 01:30:00+00:00,3.589999999999918,2476,2.2799999999999727,0.10999999999989996,1.1600000000000819,1.3600000000001273,resistance,1826.915,1869.67
2023-01-11 05:30:00+00:00,2.3450000000000273,1801,2.1099999999999,0.6699999999998454,0.5900000000001455,1.2150000000001455,resistance,1868.38,1879.225
2023-01-11 07:30:00+00:00,1.9099999999998545,1742,2.8500000000001364,2.5299999999999727,1.0650000000000546,2.3450000000000273,resistance,1868.38,1883.38
2023-01-11 09:00:00+00:00,1.7449999999998909,3024,1.7200000000000273,0.7400000000000091,1.9099999999998545,2.8500000000001364,resistance,1868.38,1883.65
2023-01-12 12:30:00+00:00,0.9900000000000091,935,3.349999999999909,0.16999999999984539,0.8849999999999909,1.0600000000001728,resistance,1869.89,1885.715
2023-01-12 14:00:00+00:00,7.579999999999927,5842,12.519999999999982,0.26499999999987267,0.9900000000000091,3.349999999999909,resistance,1869.89,1888.49
2023-01-13 00:30:00+00:00,1.5950000000000273,1718,1.6100000000001273,1.415000000000191,0.724999999999909,1.1099999999999,resistance,1869.89,1899.685
2023-01-13 08:30:00+00:00,2.1549999999999727,2056,4.740000000000009,4.535000000000082,1.1749999999999545,0.8399999999999181,resistance,1869.89,1899.775
2023-01-13 15:00:00+00:00,1.5600000000001728,4449,9.6099999999999,1.9449999999999363,1.9449999999999363,1.4399999999998272,resistance,1869.89,1906.535
2023-01-13 17:30:00+00:00,0.8849999999999909,1005,3.6200000000001182,0.3949999999999818,1.0449999999998454,1.5150000000001,resistance,1869.89,1913.73
2023-01-16 01:30:00+00:00,3.105000000000018,2280,2.2450000000001182,1.1700000000000728,0.8500000000001364,2.339999999999918,resistance,1875.965,1920.7
2023-01-18 03:00:00+00:00,1.959999999999809,2720,4.119999999999891,0.5199999999999818,1.259999999999991,0.2699999999999818,support,1904.855,1928.46
2023-01-18 05:30:00+00:00,0.2400000000000091,2140,1.8599999999999,1.1700000000000728,1.6099999999999,2.0699999999999363,support,1898.5,1928.46
2023-01-18 14:00:00+00:00,1.2550000000001091,3362,3.0699999999999363,1.025000000000091,1.2849999999998545,0.4249999999999545,resistance,1897.72,1918.34
2023-01-19 19:00:00+00:00,3.2849999999998545,1981,2.9249999999999545,1.9300000000000637,0.5599999999999454,0.1950000000001637,resistance,1897.72,1922.69
2023-01-19 23:30:00+00:00,2.009999999999991,775,1.8200000000001637,0.12000000000011823,1.134999999999991,1.625,resistance,1897.72,1933.5
2023-01-20 01:30:00+00:00,2.925000000000182,1137,4.264999999999873,0.5299999999999727,0.7450000000001182,2.009999999999991,resistance,1897.72,1933.795
2023-01-24 02:00:00+00:00,1.1949999999999363,657,3.479999999999791,1.384999999999991,1.2000000000000455,0.5850000000000364,resistance,1916.665,1934.735
2023-01-24 06:30:00+00:00,3.349999999999909,960,2.5299999999999727,0.4600000000000364,1.6449999999999818,0.3149999999998272,resistance,1916.665,1935.87
2023-01-25 18:30:00+00:00,1.4100000000000819,1048,3.9200000000000728,0.8300000000001546,1.2049999999999272,2.7549999999998818,resistance,1916.665,1940.425
2023-01-25 20:00:00+00:00,1.650000000000091,1529,2.019999999999982,0.23999999999978172,1.4100000000000819,3.9200000000000728,resistance,1921.27,1941.42
2023-01-25 23:30:00+00:00,0.7999999999999545,499,1.2000000000000455,0.09500000000002728,0.39000000000010004,2.7649999999998727,resistance,1921.415,1946.8
2023-01-27 04:30:00+00:00,0.6549999999999727,814,3.7200000000000273,0.3350000000000364,0.7250000000001364,2.740000000000009,support,1922.355,1948.375
2023-01-31 04:30:00+00:00,0.14999999999986358,540,1.0299999999999727,2.6700000000000728,1.5499999999999545,0.11000000000012733,support,1921.085,1933.935
2023-01-31 06:00:00+00:00,1.9600000000000364,1691,3.0950000000000273,0.20000000000004547,0.14999999999986358,1.0299999999999727,support,1920.085,1933.465
2023-01-31 07:30:00+00:00,0.7599999999999909,1223,1.8899999999998727,0.209999999999809,1.9600000000000364,3.0950000000000273,support,1915.445,1933.465
2023-01-31 08:30:00+00:00,0.5099999999999909,1625,7.125,0.7599999999999909,1.8899999999998727,0.209999999999809,support,1913.69,1933.465
2023-01-31 11:30:00+00:00,1.3350000000000364,1162,1.7449999999998909,0.7149999999999181,1.550000000000182,2.964999999999918,support,1903.88,1933.465
2023-01-31 12:30:00+00:00,4.455000000000155,2356,1.3199999999999363,1.3350000000000364,1.7449999999998909,0.7149999999999181,support,1903.035,1933.465
2023-02-03 10:30:00+00:00,2.019999999999982,1256,3.4299999999998363,2.115000000000009,3.2549999999998818,1.949999999999818,support,1911.75,1958.175
2023-02-03 14:00:00+00:00,5.7000000000000455,7260,27.050000000000182,1.433999999999969,0.15000000000009095,0.9950000000001182,support,1909.93,1958.175
2023-02-03 15:30:00+00:00,2.5750000000000455,4034,7.184999999999945,1.974999999999909,5.7000000000000455,27.050000000000182,support,1880.98,1958.175
2023-02-03 17:30:00+00:00,0.8700000000001182,1739,3.910000000000082,2.1000000000001364,6.960000000000036,2.5750000000000455,support,1866.24,1958.175
2023-02-08 08:00:00+00:00,3.689999999999827,2647,6.650000000000091,3.5,1.365000000000009,0.7400000000000091,resistance,1864.64,1880.675
2023-02-09 14:00:00+00:00,2.400000000000091,1648,9.7349999999999,2.214999999999918,1.6449999999999818,1.6499999999998636,resistance,1866.605,1886.395
2023-02-09 18:30:00+00:00,1.1050000000000182,1259,1.1300000000001091,3.990000000000009,1.615000000000009,1.1749999999999545,support,1867.655,1889.59
2023-02-13 16:30:00+00:00,1.7749999999998636,1012,2.4050000000002,2.480000000000018,0.6749999999999545,0.02500000000009095,support,1853.505,1889.59
2023-02-14 14:30:00+00:00,7.085000000000036,10654,13.285000000000082,2.0850000000000364,0.3250000000000455,0.23499999999989996,support,1851.275,1867.225
2023-02-14 16:30:00+00:00,1.6849999999999454,4788,4.539999999999964,6.5,2.4249999999999545,7.085000000000036,support,1849.405,1867.225
2023-02-14 17:30:00+00:00,2.1000000000001364,1430,1.7649999999998727,1.6849999999999454,4.539999999999964,6.5,support,1847.865,1867.225
2023-02-15 05:30:00+00:00,0.19499999999993634,1544,1.5149999999998727,0.6200000000001182,0.14999999999986358,3.380000000000109,support,1847.66,1865.7
2023-02-15 06:30:00+00:00,1.4200000000000728,1648,1.3350000000000364,0.19499999999993634,1.5149999999998727,0.6200000000001182,support,1846.295,1865.7
2023-02-15 09:00:00+00:00,2.5100000000002183,1644,2.1749999999999545,0.4099999999998545,7.705000000000155,0.12000000000011823,support,1835.745,1865.7
2023-02-15 15:00:00+00:00,0.24500000000011823,2348,1.0950000000000273,0.2400000000000091,0.8849999999999909,0.14000000000010004,support,1833.82,1862.695
2023-02-15 16:30:00+00:00,4.309999999999945,1160,1.7349999999999,0.45499999999992724,0.24500000000011823,1.0950000000000273,support,1833.495,1862.695
2023-02-16 14:00:00+00:00,0.8199999999999363,2263,5.690000000000055,3.439999999999827,2.740000000000009,0.16000000000008185,support,1832.525,1862.695
2023-02-16 15:00:00+00:00,3.6849999999999454,2096,2.994999999999891,0.8199999999999363,5.690000000000055,3.439999999999827,support,1830.855,1862.635
2023-02-17 03:30:00+00:00,0.2799999999999727,537,0.8099999999999454,0.20500000000015461,0.38000000000010914,4.519999999999982,support,1828.875,1859.045
2023-02-17 06:30:00+00:00,0.02500000000009095,840,3.0750000000000455,0.4249999999999545,0.3650000000000091,0.02500000000009095,support,1826.81,1859.045
2023-02-17 08:30:00+00:00,1.6800000000000637,1722,3.2000000000000455,1.0850000000000364,1.199999999999818,0.02500000000009095,support,1823.14,1848.53
2023-02-20 04:30:00+00:00,1.775000000000091,475,1.5550000000000637,0.9700000000000273,0.6549999999999727,0.029999999999972715,resistance,1820.895,1844.175
2023-02-20 06:00:00+00:00,0.8199999999999363,907,3.0299999999999727,1.2899999999999636,1.775000000000091,1.5550000000000637,resistance,1820.895,1844.385
2023-02-20 07:30:00+00:00,0.1449999999999818,1148,1.7950000000000728,0.4500000000000455,0.8199999999999363,3.0299999999999727,resistance,1820.895,1844.55
2023-02-20 13:30:00+00:00,0.26499999999987267,1259,3.1800000000000637,0.7100000000000364,1.375,0.4600000000000364,resistance,1820.895,1846.115
2023-02-20 15:00:00+00:00,3.4849999999999,753,0.19499999999993634,0.07999999999992724,0.26499999999987267,3.1800000000000637,resistance,1820.895,1846.465
2023-02-22 19:00:00+00:00,2.8450000000000273,5036,1.9600000000000364,0.6050000000000182,0.5049999999998818,0.5050000000001091,support,1831.005,1846.53
2023-02-22 21:00:00+00:00,0.7049999999999272,467,0.6649999999999636,0.3650000000000091,2.974999999999909,2.8450000000000273,support,1825.02,1846.53
2023-02-23 01:00:00+00:00,1.5150000000001,910,0.4800000000000182,0.06999999999993634,1.0900000000001455,0.19000000000005457,support,1824.8,1842.935
2023-02-23 16:00:00+00:00,2.3350000000000364,2458,1.4349999999999454,3.105000000000018,1.2950000000000728,1.2300000000000182,support,1824.61,1842.775
2023-02-23 18:30:00+00:00,3.1399999999998727,1099,1.8399999999999181,0.004999999999881766,1.1949999999999363,1.3550000000000182,support,1820.025,1842.775
2023-02-24 12:00:00+00:00,1.974999999999909,1465,1.875,1.1799999999998363,1.634999999999991,2.25,support,1819.505,1842.775
2023-02-24 16:00:00+00:00,2.3700000000001182,1170,2.75,0.6099999999999,1.7449999999998909,4.529999999999973,support,1811.355,1842.775
2023-02-24 18:00:00+00:00,0.34999999999990905,646,1.6499999999998636,0.849999999999909,0.9300000000000637,2.3700000000001182,support,1810.775,1838.67
2023-02-27 04:00:00+00:00,1.1700000000000728,456,2.3899999999998727,1.2800000000002,1.7799999999999727,0.2199999999997999,support,1809.94,1832.175
2023-02-28 17:30:00+00:00,1.1900000000000546,1092,3.625,0.27500000000009095,3.0299999999999727,0.15499999999997272,resistance,1808.025,1827.225
2023-03-03 06:30:00+00:00,0.9900000000000091,874,3.3700000000001182,0.6100000000001273,0.03499999999985448,0.2600000000002183,resistance,1827.83,1842.445
2023-03-03 07:00:00+00:00,0.2400000000000091,801,0.9900000000000091,3.3700000000001182,0.6100000000001273,0.03499999999985448,resistance,1827.83,1842.445
2023-03-03 08:30:00+00:00,0.375,586,1.1399999999998727,0.7950000000000728,0.2400000000000091,0.9900000000000091,resistance,1830.135,1843.545
2023-03-03 11:00:00+00:00,0.34999999999990905,721,1.2799999999999727,0.415000000000191,0.9499999999998181,2.5,resistance,1831.455,1846.775
2023-03-03 18:30:00+00:00,1.6099999999999,411,1.1300000000001091,0.5650000000000546,1.2100000000000364,2.115000000000009,resistance,1831.455,1848.505
2023-03-06 07:30:00+00:00,0.19499999999993634,1034,2.6100000000001273,0.16499999999996362,0.5299999999999727,0.2699999999999818,resistance,1831.455,1855.97
2023-03-07 14:30:00+00:00,1.1849999999999454,2058,2.490000000000009,0.9500000000000455,5.089999999999918,1.0850000000000364,support,1834.615,1856.345
2023-03-07 18:00:00+00:00,1.2549999999998818,1486,3.7199999999998,0.7950000000000728,1.9049999999999727,0.4249999999999545,support,1817.885,1856.345
2023-03-07 23:00:00+00:00,0.13999999999987267,442,0.6750000000001819,0.08999999999991815,0.7699999999999818,0.75,support,1813.935,1856.345
2023-03-08 00:30:00+00:00,0.5750000000000455,448,1.1600000000000819,0.08500000000003638,0.13999999999987267,0.6750000000001819,support,1813.34,1856.345
2023-03-08 01:30:00+00:00,0.16000000000008185,1027,1.2850000000000819,0.5750000000000455,1.1600000000000819,0.08500000000003638,support,1812.865,1856.345
2023-03-08 03:00:00+00:00,1.0449999999998454,663,1.1449999999999818,0.0749999999998181,0.16000000000008185,1.2850000000000819,support,1812.165,1856.345
2023-03-09 19:00:00+00:00,2.9149999999999636,850,4.4099999999998545,1.365000000000009,0.5149999999998727,2.769999999999982,resistance,1809.855,1831.47
2023-03-10 09:00:00+00:00,0.30500000000006366,624,1.7050000000001546,0.08999999999991815,0.31999999999993634,2.5399999999999636,resistance,1811.385,1835.05
2023-03-10 11:30:00+00:00,1.1200000000001182,524,3.2049999999999272,2.1700000000000728,3.2799999999999727,3.8450000000000273,resistance,1812.395,1835.44
2023-03-10 13:00:00+00:00,2.4450000000001637,2336,0.9449999999999363,0.7899999999999636,1.1200000000001182,3.2049999999999272,resistance,1812.395,1836.02
2023-03-10 14:00:00+00:00,7.0349999999998545,3652,8.31399999999985,2.4450000000001637,0.9449999999999363,0.7899999999999636,resistance,1812.395,1836.74
2023-03-10 18:00:00+00:00,1.4549999999999272,1279,1.5249999999998636,7.259999999999991,0.7850000000000819,7.044999999999845,resistance,1812.395,1864.115
2023-03-10 20:30:00+00:00,4.455000000000155,922,1.4800000000000182,0.625,0.3450000000000273,0.024999999999863576,resistance,1812.395,1864.31
2023-03-13 03:00:00+00:00,4.045000000000073,1574,5.539999999999964,8.430000000000064,4.259999999999991,0.2749999999998636,resistance,1812.395,1883.99
2023-03-13 09:30:00+00:00,3.4449999999999363,6186,3.8299999999999272,7.039999999999964,2.3900000000001,2.9299999999998363,resistance,1813.47,1886.965
2023-03-13 12:00:00+00:00,8.204999999999927,5705,1.7449999999998909,3.5750000000000455,0.16499999999996362,1.8050000000000637,resistance,1817.085,1889.435
2023-03-13 14:30:00+00:00,5.480000000000018,3651,8.650000000000091,3.519999999999982,0.7049999999999272,1.615000000000009,resistance,1817.365,1900.335
2023-03-13 20:00:00+00:00,1.084999999999809,1204,0.9949999999998909,0.8099999999999454,0.5699999999999363,1.2650000000001,resistance,1826.06,1912.45
2023-03-13 22:00:00+00:00,1.2649999999998727,913,1.3950000000002092,1.084999999999809,0.9949999999998909,0.8099999999999454,resistance,1828.655,1913.395
2023-03-15 12:00:00+00:00,1.0399999999999636,6123,6.134999999999991,3.224999999999909,1.3099999999999454,11.039999999999964,resistance,1873.34,1913.63
2023-03-15 16:30:00+00:00,0.17499999999995453,3969,6.680000000000064,1.115000000000009,1.4349999999999454,4.420000000000073,resistance,1887.385,1927.88
2023-03-17 11:30:00+00:00,0.525000000000091,1841,4.774999999999864,1.0750000000000455,0.49500000000011823,0.22499999999990905,resistance,1887.385,1933.88
2023-03-17 12:30:00+00:00,4.180000000000064,3065,5.629999999999882,0.525000000000091,4.774999999999864,1.0750000000000455,resistance,1887.385,1935.56
2023-03-17 17:30:00+00:00,4.404999999999973,2500,6.654999999999973,4.419999999999845,2.064999999999827,2.1849999999999454,resistance,1910.355,1962.355
2023-03-19 22:00:00+00:00,3.0299999999999727,3289,8.160000000000082,3.703999999999951,1.490000000000009,5.875,resistance,1910.355,1983.685
2023-03-20 06:30:00+00:00,1.3800000000001091,4631,1.8900000000001,12.320000000000164,0.9499999999998181,0.5650000000000546,resistance,1910.355,1988.305
2023-03-20 07:30:00+00:00,2.775000000000091,4872,17.404999999999973,1.3800000000001091,1.8900000000001,12.320000000000164,resistance,1913.39,1990.135
2023-03-21 17:30:00+00:00,3.1649999999999636,1600,6.154999999999973,0.6750000000001819,4.4849999999999,0.49499999999989086,support,1943.66,2006.195
2023-03-21 19:00:00+00:00,1.8050000000000637,729,2.730000000000018,2.25,3.1649999999999636,6.154999999999973,support,1938.28,2006.195
2023-03-22 07:30:00+00:00,3.625,2585,6.399999999999864,0.6949999999999363,1.9149999999999636,0.3650000000000091,support,1936.77,2006.195
2023-03-23 14:00:00+00:00,0.05999999999994543,3019,5.5150000000001,6.600000000000136,5.9249999999999545,0.6899999999998272,resistance,1936.095,1982.82
2023-03-23 15:30:00+00:00,1.6400000000001,1818,6.769999999999982,5.1400000000001,0.05999999999994543,5.5150000000001,resistance,1936.095,1984.385
2023-03-23 16:30:00+00:00,1.6200000000001182,1499,8.5150000000001,1.6400000000001,6.769999999999982,5.1400000000001,resistance,1936.095,1985.86
2023-03-23 18:00:00+00:00,0.040000000000190994,2039,6.3250000000000455,0.8800000000001091,1.6200000000001182,8.5150000000001,resistance,1936.095,1994.275
2023-03-27 06:30:00+00:00,1.6300000000001091,1355,1.8550000000000182,2.224999999999909,1.4399999999998272,1.2899999999999636,support,1969.155,1999.695
2023-03-27 07:30:00+00:00,3.4600000000000364,2177,2.1649999999999636,1.6300000000001091,1.8550000000000182,2.224999999999909,support,1968.17,1999.695
2023-03-27 09:30:00+00:00,7.319999999999936,2735,4.934999999999945,2.1749999999999545,0.18499999999994543,3.4600000000000364,support,1967.515,1999.695
2023-03-27 13:00:00+00:00,3.1799999999998363,2263,12.129999999999882,3.6099999999999,1.4450000000001637,3.0499999999999545,support,1949.79,1999.695
2023-03-30 16:00:00+00:00,6.160000000000082,1379,2.369999999999891,0.0,3.1499999999998636,2.2349999999999,resistance,1958.47,1974.625
2023-03-31 07:00:00+00:00,6.474999999999909,1000,2.2999999999999545,2.744999999999891,0.05999999999994543,1.8450000000000273,resistance,1958.47,1983.17
2023-04-05 03:00:00+00:00,1.7649999999998727,544,2.4950000000001182,0.9849999999999,1.259999999999991,2.230000000000018,resistance,1951.425,2023.365
2023-04-05 06:00:00+00:00,0.4149999999999636,1199,0.6400000000001,0.29500000000007276,0.22499999999990905,0.16499999999996362,resistance,1951.425,2024.015
2023-04-05 07:30:00+00:00,1.8350000000000364,1082,2.8199999999999363,0.35999999999989996,0.4149999999999636,0.6400000000001,resistance,1951.425,2024.74
2023-04-05 08:30:00+00:00,3.6200000000001182,1178,2.1749999999999545,1.8350000000000364,2.8199999999999363,0.35999999999989996,resistance,1951.425,2027.23
2023-04-05 12:30:00+00:00,2.5950000000000273,2033,5.809999999999945,1.1949999999999363,1.8449999999998,0.1150000000000091,resistance,1964.585,2027.665
2023-04-10 00:30:00+00:00,4.634999999999991,1613,2.7799999999999727,0.42000000000007276,0.22000000000002728,3.6849999999999454,support,2003.63,2031.57
2023-04-10 02:00:00+00:00,3.009999999999991,1321,2.4750000000001364,1.150000000000091,4.634999999999991,2.7799999999999727,support,1998.35,2031.57
2023-04-10 04:00:00+00:00,0.5750000000000455,661,1.8399999999999181,1.6299999999998818,3.009999999999991,3.009999999999991,support,1991.195,2031.57
2023-04-10 13:00:00+00:00,2.675000000000182,3923,9.835000000000036,2.3050000000000637,0.7849999999998545,1.0599999999999454,support,1991.03,2031.57
2023-04-10 14:00:00+00:00,0.724999999999909,3095,4.059999999999945,2.675000000000182,9.835000000000036,2.3050000000000637,support,1989.54,2031.57
2023-04-10 16:30:00+00:00,2.2200000000000273,1533,1.2150000000001455,0.4249999999999545,1.6100000000001273,0.10999999999989996,support,1987.7,2031.57
2023-04-12 01:30:00+00:00,5.009999999999991,1476,4.3900000000001,0.7250000000001364,0.1349999999999909,0.9200000000000728,resistance,1987.485,2006.395
2023-04-12 03:30:00+00:00,0.5399999999999636,325,1.7649999999998727,1.1000000000001364,1.240000000000009,5.009999999999991,resistance,1987.485,2016.075
2023-04-12 13:00:00+00:00,4.419999999999845,4256,14.789999999999964,0.26500000000010004,2.2250000000001364,0.9800000000000182,resistance,1987.485,2020.44
2023-04-13 07:30:00+00:00,1.75,978,2.2000000000000455,0.27500000000009095,5.275000000000091,2.884999999999991,resistance,1997.07,2022.325
2023-04-13 12:00:00+00:00,0.17000000000007276,1780,2.365000000000009,0.5450000000000728,0.5650000000000546,0.6349999999999909,resistance,1998.62,2027.61
2023-04-13 14:00:00+00:00,4.460000000000036,3991,4.805000000000064,3.2250000000001364,16.269999999999982,0.17000000000007276,resistance,1998.62,2045.065
2023-04-14 02:30:00+00:00,0.5350000000000819,630,0.7300000000000182,0.5450000000000728,3.535000000000082,2.0450000000000728,resistance,2003.64,2046.655
2023-04-14 15:00:00+00:00,0.599999999999909,3471,11.589999999999918,12.035000000000082,0.6200000000001182,0.4350000000001728,support,2005.875,2046.675
2023-04-14 16:00:00+00:00,0.650000000000091,1882,3.5599999999999454,0.599999999999909,11.589999999999918,12.035000000000082,support,1998.565,2046.675
2023-04-17 14:30:00+00:00,5.630000000000109,4875,5.009999999999991,4.259999999999991,0.13000000000010914,5.789999999999964,support,1995.155,2046.675
2023-04-19 09:00:00+00:00,2.599999999999909,1455,6.169999999999845,5.274999999999864,2.7649999999998727,2.994999999999891,support,1985.33,2012.79
2023-04-19 11:00:00+00:00,1.400000000000091,1921,1.25,0.06500000000005457,3.2000000000000455,2.599999999999909,support,1974.115,2012.79
2023-04-25 23:30:00+00:00,0.3300000000001546,1133,2.199999999999818,0.14099999999984902,0.6749999999999545,0.9500000000000455,resistance,1977.675,1999.74
2023-04-26 13:30:00+00:00,5.339999999999918,7143,10.214999999999918,0.2799999999999727,2.494999999999891,4.955000000000155,resistance,1977.675,2001.675
2023-05-03 13:30:00+00:00,4.9249999999999545,4193,5.0499999999999545,1.3150000000000546,3.660000000000082,0.24500000000011823,resistance,1977.375,2018.57
2023-05-03 15:00:00+00:00,4.1550000000002,2558,5.769999999999982,1.6649999999999636,4.9249999999999545,5.0499999999999545,resistance,1979.86,2018.81
2023-05-03 17:30:00+00:00,4.144999999999982,1311,3.869999999999891,0.9199999999998454,0.4149999999999636,2.019999999999982,resistance,1979.86,2025.525
2023-05-03 20:00:00+00:00,3.9400000000000546,2168,9.575000000000045,2.759999999999991,0.525000000000091,1.7699999999999818,resistance,1979.86,2028.03
2023-05-03 22:00:00+00:00,5.005000000000109,6797,8.345000000000027,3.9400000000000546,9.575000000000045,2.759999999999991,resistance,1979.86,2035.29
2023-05-05 13:00:00+00:00,2.3050000000000637,7174,23.52500000000009,1.6000000000001364,2.5,1.1849999999999454,support,2012.34,2055.345
2023-05-09 17:30:00+00:00,0.3250000000000455,759,4.329999999999927,0.6199999999998909,4.4650000000001455,1.0299999999999727,resistance,2003.95,2032.365
2023-05-09 23:30:00+00:00,0.6400000000001,672,0.875,0.42000000000007276,1.1800000000000637,0.2699999999999818,resistance,2014.665,2036.35
2023-05-10 13:00:00+00:00,11.730000000000018,4960,14.775000000000091,1.099999999999909,2.0950000000000273,0.3000000000001819,resistance,2020.215,2036.995
2023-05-11 14:00:00+00:00,3.4950000000001182,7012,15.125,9.599999999999909,2.4700000000000273,2.9300000000000637,support,2022.54,2045.635
2023-05-12 01:30:00+00:00,0.4900000000000091,3052,4.225000000000136,0.9149999999999636,0.36000000000012733,0.2999999999999545,support,2012.88,2045.635
2023-05-12 03:00:00+00:00,0.17499999999995453,1354,1.0,0.2199999999997999,0.4900000000000091,4.225000000000136,support,2011.57,2045.635
2023-05-12 06:00:00+00:00,0.7699999999999818,2953,2.4849999999999,0.16499999999996362,0.4900000000000091,0.26499999999987267,support,2010.855,2045.635
2023-05-12 08:30:00+00:00,1.3400000000001455,2257,0.7800000000002001,3.214999999999918,1.9949999999998909,1.1449999999999818,support,2008.865,2045.635
2023-05-12 10:00:00+00:00,1.6099999999999,1568,3.740000000000009,0.09000000000014552,1.3400000000001455,0.7800000000002001,support,2006.665,2045.635
2023-05-16 15:00:00+00:00,1.9300000000000637,4437,2.8500000000001364,1.5750000000000455,0.5450000000000728,3.7949999999998454,support,2003.58,2020.88
2023-05-16 18:00:00+00:00,3.3099999999999454,677,2.6800000000000637,1.875,6.349999999999909,1.9549999999999272,support,1987.645,2020.88
2023-05-17 09:00:00+00:00,0.6150000000000091,2399,1.1800000000000637,0.24500000000011823,2.2650000000001,1.134999999999991,support,1986.885,2020.88
2023-05-17 13:30:00+00:00,6.129999999999882,4257,1.009999999999991,0.3400000000001455,2.2799999999999727,0.25500000000010914,support,1984.05,2020.88
2023-05-18 07:00:00+00:00,0.7700000000002092,2926,3.9849999999999,3.0650000000000546,0.8900000000001,0.7799999999999727,support,1977.72,2017.075
2023-05-18 08:00:00+00:00,0.9549999999999272,3305,3.5150000000001,0.7700000000002092,3.9849999999999,3.0650000000000546,support,1977.42,2017.075
2023-05-18 12:00:00+00:00,0.22500000000013642,1507,0.8299999999999272,2.0699999999999363,0.6499999999998636,0.21000000000003638,support,1974.635,2012.065
2023-05-18 13:00:00+00:00,7.069999999999936,8066,7.255000000000109,0.22500000000013642,0.8299999999999272,2.0699999999999363,support,1974.165,2012.065
2023-05-18 14:30:00+00:00,2.4500000000000455,3879,2.2000000000000455,0.09000000000014552,7.069999999999936,7.255000000000109,support,1960.005,2012.065
2023-05-23 07:30:00+00:00,0.18499999999994543,2083,6.050000000000182,0.6549999999999727,1.8400000000001455,0.9300000000000637,support,1958.61,1983.03
2023-05-24 12:00:00+00:00,1.224999999999909,1891,2.990000000000009,2.1649999999999636,0.8450000000000273,0.24500000000011823,resistance,1956.36,1980.785
2023-05-25 06:00:00+00:00,0.5950000000000273,2105,1.4800000000000182,0.38999999999987267,0.19499999999993634,0.375,support,1956.36,1983.11
2023-05-25 13:00:00+00:00,6.910000000000082,3639,16.24500000000012,2.230000000000018,0.6800000000000637,0.6000000000001364,support,1956.055,1983.11
2023-05-25 17:30:00+00:00,0.9399999999998272,524,0.1799999999998363,0.14999999999986358,1.8050000000000637,0.03499999999985448,support,1943.685,1983.11
2023-05-25 19:00:00+00:00,1.259999999999991,504,1.9500000000000455,0.375,0.9399999999998272,0.1799999999998363,support,1943.555,1983.11
2023-05-26 00:30:00+00:00,1.199999999999818,785,0.8800000000001091,0.9949999999998909,0.7200000000000273,0.3109999999999218,support,1940.27,1983.11
2023-05-30 04:00:00+00:00,0.6900000000000546,1129,2.5950000000000273,3.324999999999818,0.30999999999994543,0.6400000000001,support,1939.735,1956.285
2023-05-30 05:30:00+00:00,1.6800000000000637,3309,3.8350000000000364,0.29500000000007276,0.6900000000000546,2.5950000000000273,support,1938.72,1956.285
2023-05-30 12:00:00+00:00,0.7300000000000182,2995,4.744999999999891,0.015000000000100044,2.115000000000009,0.49499999999989086,resistance,1933.51,1956.285
2023-05-30 15:30:00+00:00,1.0950000000000273,1071,2.439999999999827,0.599999999999909,4.990000000000009,3.3350000000000364,resistance,1933.51,1960.26
2023-05-31 06:00:00+00:00,3.7250000000001364,4178,5.254999999999882,0.8650000000000091,1.2549999999998818,0.8799999999998818,resistance,1933.51,1962.325
2023-05-31 14:00:00+00:00,3.5650000000000546,7126,6.320000000000164,0.7350000000001273,1.384999999999991,1.009999999999991,resistance,1933.51,1964.53
2023-05-31 15:00:00+00:00,2.625,2643,3.6900000000000546,3.5650000000000546,6.320000000000164,0.7350000000001273,resistance,1933.51,1969.815
2023-06-01 14:00:00+00:00,3.009999999999991,7900,4.869999999999891,0.12999999999988177,7.930000000000064,7.480000000000018,resistance,1952.825,1972.595
2023-06-01 15:00:00+00:00,2.6499999999998636,1792,4.519999999999982,3.009999999999991,4.869999999999891,0.12999999999988177,resistance,1952.825,1973.27
2023-06-02 03:30:00+00:00,0.5549999999998363,896,2.644999999999982,2.0499999999999545,1.0,2.5950000000000273,resistance,1954.415,1982.195
2023-06-02 17:00:00+00:00,0.9700000000000273,1311,3.8450000000000273,6.0750000000000455,1.599999999999909,1.2450000000001182,support,1955.38,1983.12
2023-06-02 18:00:00+00:00,0.8300000000001546,856,1.3899999999998727,0.9700000000000273,3.8450000000000273,6.0750000000000455,support,1952.3,1983.12
2023-06-05 00:30:00+00:00,0.7349999999999,655,2.0450000000000728,0.5699999999999363,0.21000000000003638,0.4500000000000455,support,1948.1,1983.12
2023-06-05 02:30:00+00:00,0.8399999999999181,1237,1.5850000000000364,1.125,0.06999999999993634,0.7349999999999,support,1946.53,1983.12
2023-06-05 05:30:00+00:00,0.6499999999998636,918,1.5349999999998545,0.10999999999989996,1.375,2.615000000000009,support,1944.53,1983.12
2023-06-05 06:30:00+00:00,0.01999999999998181,1867,2.0599999999999454,0.6499999999998636,1.5349999999998545,0.10999999999989996,support,1944.44,1983.12
2023-06-07 01:30:00+00:00,1.2699999999999818,1500,1.3099999999999454,0.6800000000000637,0.7100000000000364,0.3849999999999909,resistance,1939.975,1965.33
2023-06-07 14:00:00+00:00,10.0,4084,10.634999999999991,0.5449999999998454,0.1899999999998272,2.8350000000000364,resistance,1940.135,1966.31
2023-06-07 19:30:00+00:00,1.865000000000009,581,0.7599999999999909,0.01499999999987267,1.7250000000001364,1.4849999999999,support,1942.26,1969.655
2023-06-07 22:00:00+00:00,3.019999999999982,910,0.5850000000000364,0.5899999999999181,1.865000000000009,0.7599999999999909,support,1940.175,1969.655
2023-06-13 15:30:00+00:00,2.0399999999999636,2754,7.245000000000118,0.5650000000000546,0.8899999999998727,6.404999999999973,support,1950.425,1967.245
2023-06-13 18:00:00+00:00,0.4900000000000091,1217,2.6949999999999363,0.4700000000000273,1.5050000000001091,3.3350000000000364,support,1943.19,1967.245
2023-06-15 01:00:00+00:00,3.3450000000000273,3813,3.2350000000001273,2.6599999999998545,0.9300000000000637,0.28500000000008185,support,1940.625,1965.95
2023-06-15 07:00:00+00:00,0.8700000000001182,2981,2.365000000000009,2.7799999999999727,1.9349999999999454,1.115000000000009,support,1933.45,1965.95
2023-06-15 08:30:00+00:00,0.33999999999991815,1467,1.4600000000000364,0.09999999999990905,0.8700000000001182,2.365000000000009,support,1932.635,1965.95
2023-06-15 11:30:00+00:00,2.880000000000109,1646,2.3449999999998,0.04500000000007276,2.185000000000173,1.1799999999998363,support,1931.75,1965.95
2023-06-16 06:30:00+00:00,0.7100000000000364,1236,3.4400000000000546,1.6050000000000182,1.0049999999998818,0.584999999999809,resistance,1927.2,1959.55
2023-06-16 08:00:00+00:00,0.3000000000001819,1053,1.0799999999999272,0.43499999999994543,0.7100000000000364,3.4400000000000546,resistance,1927.2,1961.635
2023-06-16 09:00:00+00:00,0.8799999999998818,1042,1.884999999999991,0.3000000000001819,1.0799999999999272,0.43499999999994543,resistance,1927.2,1961.705
2023-06-16 11:00:00+00:00,0.29500000000007276,725,0.8050000000000637,0.16999999999984539,0.3500000000001364,0.8799999999998818,resistance,1927.2,1964.38
2023-06-20 02:00:00+00:00,2.925000000000182,2084,1.9099999999998545,2.134999999999991,0.2849999999998545,1.7100000000000364,support,1948.58,1965.98
2023-06-20 13:00:00+00:00,6.004999999999882,3690,8.289999999999964,1.5900000000001455,0.3999999999998636,0.25,support,1947.065,1965.98
2023-06-21 12:30:00+00:00,0.30500000000006366,4341,4.740000000000009,1.0850000000000364,0.7799999999999727,0.15499999999997272,support,1931.425,1958.285
2023-06-22 07:00:00+00:00,1.134999999999991,2437,1.9249999999999545,0.44499999999993634,1.0149999999998727,0.209999999999809,support,1928.695,1954.975
2023-06-22 09:00:00+00:00,0.5349999999998545,679,0.7349999999999,1.7899999999999636,0.7850000000000819,1.134999999999991,support,1928.17,1954.975
2023-06-22 12:00:00+00:00,1.2899999999999636,1749,0.19499999999993634,1.0550000000000637,0.9249999999999545,1.1000000000001364,support,1927.45,1954.975
2023-06-22 14:30:00+00:00,1.1199999999998909,3502,5.894999999999982,1.615000000000009,2.8599999999999,2.7999999999999545,support,1920.615,1953.035
2023-06-23 02:00:00+00:00,0.2800000000002001,1096,2.3999999999998636,1.0299999999999727,0.2699999999999818,0.6600000000000819,support,1913.51,1937.905
2023-06-27 18:00:00+00:00,1.0650000000000546,731,2.384999999999991,0.044999999999845386,1.0699999999999363,2.105000000000018,support,1913.56,1934.325
2023-06-28 07:00:00+00:00,0.7650000000001,1485,2.2200000000000273,2.560000000000173,0.084999999999809,0.5800000000001546,support,1912.195,1932.225
2023-06-28 08:30:00+00:00,0.5199999999999818,1424,1.509999999999991,0.7699999999999818,0.7650000000001,2.2200000000000273,support,1910.205,1932.225
2023-06-28 09:30:00+00:00,2.0150000000001,2202,0.7350000000001273,0.5199999999999818,1.509999999999991,0.7699999999999818,support,1909.485,1932.225
2023-06-28 11:30:00+00:00,0.4499999999998181,996,0.16999999999984539,0.2699999999999818,0.6700000000000728,2.0150000000001,support,1906.77,1932.225
2023-06-28 12:30:00+00:00,0.20000000000004547,987,0.47499999999990905,0.4499999999998181,0.16999999999984539,0.2699999999999818,support,1906.765,1932.225
2023-06-29 02:30:00+00:00,1.2649999999998727,1906,3.974999999999909,1.9550000000001546,1.7300000000000182,1.2650000000001,support,1906.75,1929.27
2023-06-29 05:30:00+00:00,0.6050000000000182,1124,1.3900000000001,0.30500000000006366,0.20499999999992724,0.9550000000001546,support,1904.62,1929.27
2023-06-29 06:30:00+00:00,1.2250000000001364,1244,1.025000000000091,0.6050000000000182,1.3900000000001,0.30500000000006366,support,1903.99,1929.27
2023-06-29 13:00:00+00:00,2.2899999999999636,4631,14.61999999999989,1.2550000000001091,0.07999999999992724,0.33999999999991815,support,1903.455,1928.66
2023-06-30 13:30:00+00:00,1.7300000000000182,5868,2.6599999999998545,4.514999999999873,1.1949999999999363,0.6749999999999545,resistance,1893.805,1913.29
2023-06-30 14:30:00+00:00,0.9149999999999636,2984,4.464999999999918,1.7300000000000182,2.6599999999998545,4.514999999999873,resistance,1893.805,1913.705
2023-06-30 15:30:00+00:00,1.5049999999998818,1611,1.9750000000001364,0.9149999999999636,4.464999999999918,1.7300000000000182,resistance,1893.805,1916.485
2023-06-30 17:00:00+00:00,1.1399999999998727,1157,2.3449999999998,1.4700000000000273,1.5049999999998818,1.9750000000001364,resistance,1893.805,1919.09
2023-07-05 13:30:00+00:00,7.169999999999845,6436,3.025000000000091,3.214999999999918,1.3199999999999363,0.8450000000000273,resistance,1912.04,1930.205
2023-07-05 20:00:00+00:00,0.13000000000010914,426,0.6050000000000182,0.31500000000005457,0.6300000000001091,3.105000000000018,support,1916.08,1932.39
2023-07-05 22:00:00+00:00,1.9550000000001546,614,0.8450000000000273,0.13000000000010914,0.6050000000000182,0.31500000000005457,support,1915.905,1932.39
2023-07-06 12:30:00+00:00,4.3599999999999,9560,16.1400000000001,1.4949999999998909,0.2300000000000182,2.634999999999991,support,1915.12,1932.39
2023-07-06 14:30:00+00:00,4.070000000000164,4946,5.240000000000009,0.8799999999998818,5.4249999999999545,4.3599999999999,support,1906.335,1932.39
2023-07-07 15:00:00+00:00,3.4549999999999272,4040,5.705000000000155,4.565000000000055,2.144999999999982,2.2899999999999636,resistance,1903.9,1932.39
2023-07-11 07:00:00+00:00,4.779999999999973,3411,4.455000000000155,2.5799999999999272,0.41000000000008185,0.8999999999998636,resistance,1910.58,1933.775
2023-07-11 09:00:00+00:00,0.8450000000000273,1530,0.5650000000000546,3.7200000000000273,0.8550000000000182,4.779999999999973,resistance,1913.415,1936.255
2023-07-11 10:00:00+00:00,1.0950000000000273,1779,2.3200000000001637,0.8450000000000273,0.5650000000000546,3.7200000000000273,resistance,1913.415,1936.685
2023-07-12 02:30:00+00:00,0.1799999999998363,1435,2.5449999999998454,0.7949999999998454,1.0550000000000637,0.9700000000000273,resistance,1914.05,1938.255
2023-07-12 13:00:00+00:00,7.990000000000009,5635,7.850000000000136,0.7699999999999818,0.44499999999993634,0.05999999999994543,resistance,1914.05,1940.225
2023-07-12 15:00:00+00:00,2.7650000000001,1776,3.105000000000018,1.5399999999999636,4.869999999999891,7.990000000000009,resistance,1914.05,1956.125
2023-07-12 16:30:00+00:00,0.7100000000000364,1429,2.800000000000182,0.7300000000000182,2.7650000000001,3.105000000000018,resistance,1914.05,1957.685
2023-07-13 02:00:00+00:00,0.30999999999994543,1461,1.5,1.1499999999998636,0.30500000000006366,0.4900000000000091,resistance,1924.735,1959.285
2023-07-13 06:30:00+00:00,0.6150000000000091,2618,6.7650000000001,1.6700000000000728,0.22000000000002728,3.2800000000002,resistance,1925.59,1960.77
2023-07-14 20:00:00+00:00,0.8900000000001,1266,2.7649999999998727,2.150000000000091,1.525000000000091,0.5050000000001091,support,1954.825,1962.885
2023-07-16 22:30:00+00:00,0.8949999999999818,887,1.2000000000000455,0.1150000000000091,0.8900000000001,2.7649999999998727,support,1954.42,1962.885
2023-07-17 03:30:00+00:00,0.2749999999998636,1363,1.6749999999999545,1.1200000000001182,0.02500000000009095,2.1949999999999363,support,1952.175,1962.885
2023-07-17 13:00:00+00:00,0.9949999999998909,7353,7.195000000000164,1.775000000000091,0.4700000000000273,0.09999999999990905,support,1951.935,1962.88
2023-07-18 07:30:00+00:00,1.4500000000000455,5300,1.3050000000000637,1.8599999999999,0.5799999999999272,1.7300000000000182,resistance,1948.695,1962.63
2023-07-18 10:00:00+00:00,0.4350000000001728,2432,1.115000000000009,0.2599999999999909,0.11999999999989086,0.09000000000014552,resistance,1948.695,1963.065
2023-07-18 11:30:00+00:00,2.384999999999991,4537,2.3600000000001273,0.3450000000000273,0.4350000000001728,1.115000000000009,resistance,1948.695,1963.525
2023-07-18 12:30:00+00:00,1.5299999999999727,14087,3.980000000000018,2.384999999999991,2.3600000000001273,0.3450000000000273,resistance,1948.695,1965.505
2023-07-20 02:00:00+00:00,0.055000000000063665,2734,2.974999999999909,3.0949999999998,0.2599999999999909,1.0750000000000455,resistance,1954.605,1982.845
2023-07-21 08:00:00+00:00,0.5299999999999727,5943,5.335000000000036,1.0650000000000546,1.1100000000001273,2.490000000000009,support,1967.56,1986.625
2023-07-21 13:30:00+00:00,0.14999999999986358,9978,1.7250000000001364,2.5499999999999545,0.07999999999992724,2.6949999999999363,support,1961.52,1986.625
2023-07-21 14:30:00+00:00,1.1399999999998727,5589,0.7449999999998909,0.14999999999986358,1.7250000000001364,2.5499999999999545,support,1961.445,1986.625
2023-07-24 04:30:00+00:00,1.1900000000000546,1169,0.7000000000000455,0.650000000000091,0.16499999999996362,0.8650000000000091,support,1959.815,1986.625
2023-07-24 14:00:00+00:00,0.849999999999909,8319,3.380000000000109,4.569999999999936,1.6699999999998454,0.724999999999909,support,1959.53,1982.805
2023-07-24 18:30:00+00:00,0.4399999999998272,2232,3.7100000000000364,1.1549999999999727,0.44499999999993634,0.09000000000014552,support,1958.66,1973.015
2023-07-26 06:30:00+00:00,0.31999999999993634,3285,4.870000000000118,2.0950000000000273,0.23499999999989996,0.3650000000000091,resistance,1953.585,1967.445
2023-07-26 08:00:00+00:00,0.8050000000000637,3810,1.7999999999999545,0.7149999999999181,0.31999999999993634,4.870000000000118,resistance,1953.585,1969.95
2023-07-26 11:30:00+00:00,0.8300000000001546,3579,1.2949999999998454,1.9299999999998363,1.634999999999991,0.3649999999997817,resistance,1953.585,1972.15
2023-07-26 12:30:00+00:00,1.3550000000000182,5325,1.4700000000000273,0.8300000000001546,1.2949999999998454,1.9299999999998363,resistance,1953.585,1973.08
2023-07-26 19:00:00+00:00,3.740000000000009,10529,9.539999999999964,2.089999999999918,1.1200000000001182,1.4799999999997908,resistance,1953.585,1973.71
2023-07-27 02:00:00+00:00,2.4750000000001364,3995,2.8200000000001637,2.650000000000091,0.650000000000091,0.3350000000000364,resistance,1953.995,1977.26
2023-07-27 14:00:00+00:00,0.6850000000001728,11386,11.055000000000064,3.7450000000001182,13.924999999999955,4.964999999999918,support,1953.995,1980.275
2023-07-27 15:00:00+00:00,0.12000000000011823,7005,1.3949999999999818,0.6850000000001728,11.055000000000064,3.7450000000001182,support,1945.45,1980.275
2023-07-27 16:30:00+00:00,0.5799999999999272,3033,3.2150000000001455,2.105000000000018,0.12000000000011823,1.3949999999999818,support,1944.625,1980.275
2023-08-01 13:00:00+00:00,1.5499999999999545,6831,4.380000000000109,2.375,2.3049999999998363,0.3849999999999909,support,1949.39,1971.46
2023-08-01 14:30:00+00:00,1.4800000000000182,7450,3.7950000000000728,0.31999999999993634,1.5499999999999545,4.380000000000109,support,1946.885,1971.46
2023-08-01 15:30:00+00:00,1.0450000000000728,3463,3.3599999999999,1.4800000000000182,3.7950000000000728,0.31999999999993634,support,1945.105,1971.46
2023-08-01 16:30:00+00:00,0.1999999999998181,1953,1.275000000000091,1.0450000000000728,3.3599999999999,1.4800000000000182,support,1943.325,1971.46
2023-08-01 17:30:00+00:00,0.8399999999999181,2281,1.1950000000001637,0.1999999999998181,1.275000000000091,1.0450000000000728,support,1942.995,1971.46
2023-08-02 14:30:00+00:00,0.5449999999998454,8688,9.855000000000018,0.07000000000016371,0.22000000000002728,2.8450000000000273,support,1941.985,1971.46
2023-08-02 15:30:00+00:00,1.9349999999999454,5506,1.9259999999999309,0.5449999999998454,9.855000000000018,0.07000000000016371,support,1935.405,1971.46
2023-08-03 07:00:00+00:00,0.7999999999999545,3983,0.5349999999998545,1.1549999999999727,0.5149999999998727,0.5399999999999636,support,1933.67,1962.265
2023-08-03 12:30:00+00:00,1.634999999999991,9800,3.605000000000018,0.48500000000012733,1.1399999999998727,2.2150000000001455,support,1933.555,1956.995
2023-08-06 22:30:00+00:00,1.5700000000001637,901,2.7899999999999636,0.7850000000000819,0.5,0.125,resistance,1931.44,1943.5
2023-08-08 02:00:00+00:00,2.005000000000109,2612,1.6649999999999636,2.480000000000018,0.2300000000000182,1.25,support,1932.02,1945.385
2023-08-08 08:00:00+00:00,2.050000000000182,2898,2.3099999999999454,0.375,0.024999999999863576,0.8599999999999,support,1931.645,1945.385
2023-08-08 12:00:00+00:00,2.3099999999999454,7913,3.3250000000000455,1.490000000000009,1.699999999999818,2.509999999999991,support,1930.54,1945.385
2023-08-09 11:30:00+00:00,0.24500000000011823,2642,0.4900000000000091,0.7999999999999545,0.1799999999998363,1.5650000000000546,support,1924.89,1940.96
2023-08-09 14:00:00+00:00,0.10500000000001819,8669,2.119999999999891,0.07500000000004547,1.2350000000001273,0.9200000000000728,support,1923.595,1940.96
2023-08-09 15:00:00+00:00,0.3550000000000182,6900,5.569999999999936,0.10500000000001819,2.119999999999891,0.07500000000004547,support,1922.89,1940.96
2023-08-09 17:00:00+00:00,0.8249999999998181,3823,0.9249999999999545,0.4700000000000273,0.2999999999999545,0.3550000000000182,support,1916.795,1940.96
2023-08-09 18:30:00+00:00,0.0649999999998272,1984,0.3849999999999909,0.7400000000000091,0.8249999999998181,0.9249999999999545,support,1916.375,1937.155
2023-08-09 19:30:00+00:00,0.3450000000000273,1917,0.31999999999993634,0.0649999999998272,0.3849999999999909,0.7400000000000091,support,1916.155,1937.155
2023-08-10 18:00:00+00:00,0.30500000000006366,4150,2.6800000000000637,4.2650000000001,1.0750000000000455,0.5049999999998818,support,1914.95,1931.545
2023-08-10 20:00:00+00:00,0.1150000000000091,1266,0.9649999999999181,0.6949999999999363,0.9900000000000091,0.30500000000006366,support,1913.73,1931.545
2023-08-10 22:00:00+00:00,0.055000000000063665,469,1.115000000000009,0.1150000000000091,0.9649999999999181,0.6949999999999363,support,1913.385,1931.545
2023-08-14 00:30:00+00:00,0.3500000000001364,2040,2.2999999999999545,0.5199999999999818,0.5299999999999727,0.9750000000001364,support,1912.42,1926.3
2023-08-14 12:30:00+00:00,2.7549999999998818,7291,6.4249999999999545,0.1349999999999909,0.5850000000000364,0.3300000000001546,support,1911.055,1926.3
2023-08-14 13:30:00+00:00,1.4649999999999181,9122,4.745000000000118,2.7549999999998818,6.4249999999999545,0.1349999999999909,support,1907.595,1926.3
2023-08-15 08:30:00+00:00,0.4900000000000091,3549,1.1800000000000637,0.3000000000001819,0.3849999999999909,0.21499999999991815,support,1904.25,1920.25
2023-08-15 10:30:00+00:00,0.7949999999998454,2964,1.3799999999998818,0.5950000000000273,0.3949999999999818,0.4900000000000091,support,1903.845,1920.25
2023-08-15 12:30:00+00:00,0.5650000000000546,12135,1.3450000000000273,0.7649999999998727,0.4699999999997999,0.7949999999998454,support,1903.115,1920.25
2023-08-15 19:00:00+00:00,0.4500000000000455,2263,1.0799999999999272,0.709999999999809,0.3999999999998636,0.3550000000000182,support,1902.94,1915.195
2023-08-15 20:30:00+00:00,0.5699999999999363,822,0.3999999999998636,0.31500000000005457,0.4500000000000455,1.0799999999999272,support,1902.67,1915.195
2023-08-15 23:00:00+00:00,0.08999999999991815,603,0.43499999999994543,0.035000000000081855,0.5699999999999363,0.3999999999998636,support,1901.79,1915.195
2023-08-16 00:00:00+00:00,0.2400000000000091,1190,0.13000000000010914,0.08999999999991815,0.43499999999994543,0.035000000000081855,support,1901.515,1915.195
2023-08-16 13:00:00+00:00,2.490000000000009,6228,1.1649999999999636,1.275000000000091,2.0800000000001546,0.900000000000091,support,1901.455,1915.195
2023-08-16 16:30:00+00:00,0.3550000000000182,3421,2.130000000000109,1.1949999999999363,1.5449999999998454,0.08500000000003638,support,1900.82,1913.995
2023-08-16 19:00:00+00:00,1.9850000000001273,4418,3.035000000000082,0.25,0.5399999999999636,1.7100000000000364,support,1897.81,1912.305
2023-08-16 22:00:00+00:00,0.36999999999989086,921,1.5950000000000273,1.3900000000001,0.7949999999998454,1.9850000000001273,support,1892.315,1912.305
2023-08-17 01:30:00+00:00,2.5399999999999636,4254,2.6849999999999454,0.07000000000016371,0.48500000000012733,0.5900000000001455,support,1892.09,1910.065
2023-08-17 16:00:00+00:00,1.2000000000000455,3945,4.180000000000064,1.7050000000001546,0.8700000000001182,1.2999999999999545,support,1890.21,1910.065
2023-08-17 17:00:00+00:00,2.3450000000000273,3485,2.3300000000001546,1.2000000000000455,4.180000000000064,1.7050000000001546,support,1889.57,1910.065
2023-08-21 02:00:00+00:00,4.220000000000027,2789,2.2100000000000364,2.2950000000000728,0.8799999999998818,0.8250000000000455,support,1886.085,1902.445
2023-08-22 06:30:00+00:00,1.0399999999999636,2562,4.525000000000091,0.7850000000000819,2.259999999999991,2.0950000000000273,resistance,1885.54,1897.24
2023-08-22 07:30:00+00:00,0.9350000000001728,2937,1.709999999999809,1.0399999999999636,4.525000000000091,0.7850000000000819,resistance,1885.54,1900.005
2023-08-22 10:00:00+00:00,0.5749999999998181,2679,2.1900000000000546,0.6649999999999636,1.0049999999998818,2.6099999999999,resistance,1885.54,1901.555
2023-08-23 05:00:00+00:00,0.4650000000001455,1259,2.0949999999998,0.3949999999999818,1.0850000000000364,0.44499999999993634,resistance,1885.54,1902.875
2023-08-23 06:30:00+00:00,1.0850000000000364,2107,1.4199999999998454,0.27500000000009095,0.4650000000001455,2.0949999999998,resistance,1885.54,1903.36
2023-08-23 07:30:00+00:00,0.4149999999999636,4856,1.1649999999999636,1.0850000000000364,1.4199999999998454,0.27500000000009095,resistance,1886.895,1904.06
2023-08-23 09:30:00+00:00,1.5399999999999636,2525,0.4049999999999727,0.21499999999991815,0.375,0.4149999999999636,resistance,1886.895,1904.095
2023-08-23 12:30:00+00:00,2.8450000000000273,6315,3.230000000000018,0.2400000000000091,0.31500000000005457,1.3099999999999454,resistance,1886.895,1904.215
2023-08-23 13:30:00+00:00,7.230000000000018,13486,7.009999999999991,2.8450000000000273,3.230000000000018,0.2400000000000091,resistance,1886.895,1906.58
2023-08-23 16:00:00+00:00,1.1200000000001182,3225,1.615000000000009,1.0650000000000546,1.8899999999998727,0.525000000000091,resistance,1886.895,1918.045
2023-08-24 03:00:00+00:00,1.3350000000000364,1899,0.6900000000000546,0.44000000000005457,0.9649999999999181,0.8500000000001364,resistance,1890.51,1919.855
2023-08-24 06:00:00+00:00,0.4800000000000182,2939,0.6349999999999909,0.15000000000009095,0.08999999999991815,0.2400000000000091,resistance,1890.51,1921.3
2023-08-24 07:00:00+00:00,0.3500000000001364,3464,0.5699999999999363,0.4800000000000182,0.6349999999999909,0.15000000000009095,resistance,1890.51,1921.61
2023-08-28 16:00:00+00:00,1.6099999999999,2475,4.019999999999982,1.9949999999998909,0.6549999999999727,1.240000000000009,resistance,1904.63,1921.44
2023-08-29 03:30:00+00:00,0.06500000000005457,1159,1.5450000000000728,2.2649999999998727,0.4249999999999545,0.1799999999998363,resistance,1904.63,1924.81
2023-08-29 14:30:00+00:00,0.1349999999999909,9690,12.985000000000127,2.4249999999999545,1.6850000000001728,1.75,resistance,1904.63,1925.505
2023-08-29 17:30:00+00:00,0.43499999999994543,2576,0.5150000000001,1.349999999999909,1.7650000000001,1.0750000000000455,resistance,1904.63,1936.755
2023-08-29 19:30:00+00:00,0.20000000000004547,1728,0.8100000000001728,1.8149999999998272,1.9500000000000455,0.43499999999994543,resistance,1904.63,1937.245
2023-08-30 09:30:00+00:00,0.375,2036,1.884999999999991,0.5900000000001455,0.44499999999993634,1.2100000000000364,resistance,1914.04,1938.105
2023-08-30 11:30:00+00:00,0.42000000000007276,2531,0.7650000000001,1.150000000000091,1.25,0.375,resistance,1914.04,1938.565
2023-09-01 13:00:00+00:00,1.5850000000000364,11610,4.144999999999982,1.2699999999999818,0.4249999999999545,0.6649999999999636,resistance,1936.085,1947.455
2023-09-05 02:00:00+00:00,0.029999999999972715,1507,2.7350000000001273,0.7399999999997817,0.6199999999998909,0.38999999999987267,support,1936.93,1949.98
2023-09-05 08:00:00+00:00,2.459999999999809,3024,0.8049999999998363,0.3650000000000091,0.7550000000001091,1.0349999999998545,support,1935.915,1949.98
2023-09-05 09:30:00+00:00,0.44499999999993634,2295,2.2649999999998727,0.3350000000000364,2.459999999999809,0.8049999999998363,support,1933.15,1949.98
2023-09-05 11:30:00+00:00,0.2599999999999909,2516,0.8450000000000273,0.09500000000002728,0.459999999999809,0.44499999999993634,support,1930.775,1949.98
2023-09-05 12:30:00+00:00,4.634999999999991,9264,1.3700000000001182,0.2599999999999909,0.8450000000000273,0.09500000000002728,support,1930.3,1949.98
2023-09-05 14:00:00+00:00,1.4400000000000546,9040,4.894999999999982,1.0899999999999181,4.634999999999991,1.3700000000001182,support,1929.185,1949.98
2023-09-05 16:00:00+00:00,0.4800000000000182,3003,0.8150000000000546,0.5699999999999363,1.0300000000002,1.4400000000000546,support,1926.48,1949.98
2023-09-05 19:00:00+00:00,1.099999999999909,1278,0.6649999999999636,0.1950000000001637,0.7599999999999909,0.004999999999881766,support,1926.12,1949.98
2023-09-05 20:00:00+00:00,0.3400000000001455,835,1.2699999999999818,1.099999999999909,0.6649999999999636,0.1950000000001637,support,1926.08,1949.98
2023-09-06 01:00:00+00:00,0.19499999999993634,2920,1.5199999999999818,0.3550000000000182,0.25499999999988177,0.09000000000014552,support,1925.59,1946.085
2023-09-06 07:30:00+00:00,0.9600000000000364,3348,2.1399999999998727,1.25,0.9349999999999454,0.724999999999909,support,1924.8,1946.085
2023-09-06 13:30:00+00:00,6.360000000000127,11002,1.4350000000001728,2.2549999999998818,0.060000000000172804,1.0149999999998727,support,1923.0,1946.085
2023-09-06 14:30:00+00:00,0.8150000000000546,8354,7.826000000000022,6.360000000000127,1.4350000000001728,2.2549999999998818,support,1921.82,1943.97
2023-09-08 14:00:00+00:00,0.5450000000000728,8509,6.440000000000055,1.724999999999909,2.5499999999999545,0.009999999999990905,resistance,1915.935,1928.17
2023-09-11 13:30:00+00:00,3.3450000000000273,8623,1.9950000000001182,2.2450000000001182,0.165000000000191,0.8350000000000364,resistance,1917.685,1928.7
2023-09-12 11:00:00+00:00,2.630000000000109,3719,3.214999999999918,0.14999999999986358,0.3249999999998181,0.4049999999999727,support,1918.38,1929.265
2023-09-13 03:30:00+00:00,1.1200000000001182,1618,0.6100000000001273,1.1100000000001273,1.2200000000000273,0.7049999999999272,support,1909.05,1929.265
2023-09-13 22:00:00+00:00,0.42000000000007276,689,0.625,0.044999999999845386,0.12999999999988177,0.6399999999998727,support,1908.55,1924.875
2023-09-14 06:00:00+00:00,0.47499999999990905,3454,2.185000000000173,0.7650000000001,0.584999999999809,0.3249999999998181,support,1908.55,1923.775
2023-09-14 13:00:00+00:00,2.064999999999827,13133,3.3050000000000637,0.10000000000013642,0.4900000000000091,1.0699999999999363,support,1905.935,1921.06
2023-09-15 02:00:00+00:00,0.08999999999991815,2616,3.5650000000000546,0.4700000000000273,0.8550000000000182,0.6050000000000182,resistance,1902.41,1913.61
2023-09-15 03:00:00+00:00,0.08999999999991815,1773,0.2400000000000091,0.08999999999991815,3.5650000000000546,0.4700000000000273,resistance,1902.41,1915.415
2023-09-15 05:00:00+00:00,0.2899999999999636,1830,0.8900000000001,0.38000000000010914,0.01499999999987267,0.08999999999991815,resistance,1902.41,1915.655
2023-09-15 06:00:00+00:00,2.759999999999991,4880,0.3949999999999818,0.2899999999999636,0.8900000000001,0.38000000000010914,resistance,1902.41,1916.21
2023-09-15 12:00:00+00:00,1.0399999999999636,4006,0.6399999999998727,1.490000000000009,0.4149999999999636,0.4700000000000273,resistance,1902.41,1919.08
2023-09-15 13:30:00+00:00,0.14999999999986358,8499,7.599999999999909,0.31999999999993634,1.0399999999999636,0.6399999999998727,resistance,1902.41,1919.28
2023-09-15 14:30:00+00:00,0.22500000000013642,7314,3.7200000000000273,0.14999999999986358,7.599999999999909,0.31999999999993634,resistance,1902.41,1924.79
2023-09-18 03:30:00+00:00,0.13000000000010914,839,0.7999999999999545,1.759999999999991,1.2049999999999272,0.06999999999993634,resistance,1902.41,1928.565
2023-09-18 04:30:00+00:00,0.8299999999999272,1154,0.21500000000014552,0.13000000000010914,0.7999999999999545,1.759999999999991,resistance,1902.41,1929.0
2023-09-18 06:00:00+00:00,0.7799999999999727,4954,2.005000000000109,0.34999999999990905,0.8299999999999272,0.21500000000014552,resistance,1902.41,1929.085
2023-09-18 17:00:00+00:00,0.8350000000000364,2420,1.8200000000001637,0.22499999999990905,1.0149999999998727,1.084999999999809,resistance,1902.41,1929.92
2023-09-18 20:00:00+00:00,0.5450000000000728,947,1.4950000000001182,0.2599999999999909,0.0,0.6749999999999545,resistance,1908.055,1932.22
2023-09-18 23:30:00+00:00,0.12000000000011823,656,0.3500000000001364,0.09999999999990905,0.290000000000191,0.21500000000014552,resistance,1908.3,1933.915
2023-09-19 08:00:00+00:00,0.07500000000004547,2172,1.8800000000001091,2.019999999999982,0.2400000000000091,0.13000000000010914,resistance,1915.31,1934.19
2023-09-19 09:30:00+00:00,0.25500000000010914,1261,1.1850000000001728,0.6299999999998818,0.07500000000004547,1.8800000000001091,resistance,1915.935,1934.505
2023-09-19 12:30:00+00:00,0.5499999999999545,5314,0.8099999999999454,0.4049999999999727,0.40000000000009095,0.724999999999909,resistance,1917.165,1936.015
2023-09-20 14:00:00+00:00,1.9600000000000364,7221,7.440000000000055,0.959999999999809,0.5150000000001,0.3149999999998272,resistance,1924.055,1936.115
2023-09-20 16:30:00+00:00,1.1300000000001091,2394,3.6549999999999727,2.5399999999999636,0.4249999999999545,1.4700000000000273,resistance,1924.055,1944.48
2023-09-21 00:30:00+00:00,1.9549999999999272,2668,2.480000000000018,0.8600000000001273,0.834999999999809,0.15000000000009095,support,1928.785,1946.71
2023-09-21 09:00:00+00:00,0.43499999999994543,2316,3.9400000000000546,0.14000000000010004,0.8800000000001091,0.17000000000007276,support,1925.035,1946.71
2023-09-21 11:30:00+00:00,0.6000000000001364,4132,3.785000000000082,0.23500000000012733,0.7849999999998545,2.0650000000000546,support,1922.7,1946.71
2023-09-25 16:30:00+00:00,0.3849999999999909,1838,1.1649999999999636,0.46499999999991815,1.0800000000001546,0.2699999999999818,support,1916.54,1928.215
2023-09-25 18:00:00+00:00,0.6899999999998272,1272,1.5549999999998363,0.7850000000000819,0.3849999999999909,1.1649999999999636,support,1916.38,1928.215
2023-09-25 19:00:00+00:00,0.4249999999999545,1575,1.1000000000001364,0.6899999999998272,1.5549999999998363,0.7850000000000819,support,1916.005,1928.215
2023-09-25 20:00:00+00:00,0.125,804,0.5,0.4249999999999545,1.1000000000001364,0.6899999999998272,support,1915.665,1928.215
2023-09-26 00:30:00+00:00,0.6099999999999,1210,0.8150000000000546,0.21499999999991815,0.029999999999972715,0.25,support,1915.585,1928.215
2023-09-26 02:30:00+00:00,0.4550000000001546,1274,0.75,0.7200000000000273,0.7349999999999,0.6099999999999,support,1914.88,1928.215
2023-09-26 06:00:00+00:00,1.1699999999998454,1610,0.4600000000000364,0.6649999999999636,0.7200000000000273,0.3449999999997999,support,1913.695,1928.215
2023-09-26 13:00:00+00:00,3.980000000000018,4688,0.4750000000001364,0.8650000000000091,1.3699999999998909,1.2149999999999181,support,1910.55,1928.215
2023-09-26 15:30:00+00:00,0.9300000000000637,2829,3.0650000000000546,1.6200000000001182,1.2899999999999636,0.49499999999989086,support,1906.325,1928.215
2023-09-26 17:00:00+00:00,0.42000000000007276,2209,1.4349999999999454,0.25,0.9300000000000637,3.0650000000000546,support,1902.46,1928.215
2023-09-26 18:00:00+00:00,1.0600000000001728,1919,0.7349999999999,0.42000000000007276,1.4349999999999454,0.25,support,1901.275,1928.215
2023-09-27 04:00:00+00:00,2.230000000000018,1028,0.5800000000001546,0.4049999999999727,0.12999999999988177,1.5699999999999363,support,1899.97,1925.94
2023-09-27 05:30:00+00:00,0.22499999999990905,1810,1.1099999999999,0.035000000000081855,2.230000000000018,0.5800000000001546,support,1897.71,1925.94
2023-09-27 08:30:00+00:00,0.4750000000001364,1953,0.5300000000002001,0.5549999999998363,0.849999999999909,1.2200000000000273,support,1896.43,1925.94
2023-09-27 09:30:00+00:00,0.2400000000000091,1410,1.2799999999999727,0.4750000000001364,0.5300000000002001,0.5549999999998363,support,1896.225,1925.94
2023-09-27 11:00:00+00:00,0.8650000000000091,1821,1.9850000000001273,0.2799999999999727,0.2400000000000091,1.2799999999999727,support,1895.435,1925.94
2023-09-27 13:30:00+00:00,1.5299999999999727,7737,2.2999999999999545,0.5349999999998545,1.6849999999999454,0.055000000000063665,support,1891.28,1925.94
2023-09-27 16:30:00+00:00,1.2950000000000728,2818,4.400000000000091,1.0850000000000364,3.214999999999918,3.0950000000000273,support,1880.45,1925.94
2023-09-28 13:00:00+00:00,2.4049999999999727,8457,3.5499999999999545,0.009999999999990905,0.6900000000000546,0.4600000000000364,support,1873.57,1915.635
2023-09-28 14:30:00+00:00,7.105000000000018,7545,0.6399999999998727,1.7950000000000728,2.4049999999999727,3.5499999999999545,support,1872.5,1912.99
2023-09-29 14:30:00+00:00,1.5199999999999818,9244,11.215000000000146,4.139999999999873,0.8200000000001637,3.660000000000082,support,1861.005,1895.925
2023-09-29 15:30:00+00:00,0.04500000000007276,6037,6.019999999999982,1.5199999999999818,11.215000000000146,4.139999999999873,support,1859.415,1891.83
2023-09-29 17:00:00+00:00,3.3700000000001182,3307,2.3450000000000273,1.1800000000000637,0.04500000000007276,6.019999999999982,support,1854.845,1891.83
2023-10-05 13:00:00+00:00,3.349999999999909,7428,4.829999999999927,2.6549999999999727,1.8350000000000364,1.9849999999999,support,1817.655,1829.115
2023-10-05 16:00:00+00:00,2.1800000000000637,4778,0.5750000000000455,3.7899999999999636,0.16999999999984539,0.9550000000001546,support,1815.785,1829.115
2023-10-06 13:00:00+00:00,8.720000000000027,12780,4.745000000000118,1.4500000000000455,0.44499999999993634,0.8999999999998636,support,1815.59,1828.59
2023-10-06 14:30:00+00:00,5.870000000000118,9741,8.13000000000011,2.5499999999999545,8.720000000000027,4.745000000000118,resistance,1815.135,1828.59
2023-10-06 15:30:00+00:00,0.6949999999999363,9758,9.689999999999827,5.870000000000118,8.13000000000011,2.5499999999999545,resistance,1815.135,1829.5
2023-10-06 18:30:00+00:00,1.7799999999999727,2284,1.8299999999999272,0.5950000000000273,2.0799999999999272,2.7899999999999636,resistance,1815.135,1833.33
2023-10-09 01:00:00+00:00,3.105000000000018,4766,5.589999999999918,1.2000000000000455,1.0799999999999272,2.9300000000000637,resistance,1815.135,1849.885
2023-10-09 15:30:00+00:00,1.0150000000001,2626,0.5050000000001091,1.525000000000091,5.25,0.19499999999993634,resistance,1815.135,1852.49
2023-10-09 18:00:00+00:00,0.8250000000000455,1458,3.8350000000000364,0.5899999999999181,0.5099999999999909,2.060000000000173,resistance,1815.135,1852.65
2023-10-10 01:00:00+00:00,0.7400000000000091,3882,1.5350000000000819,0.01499999999987267,1.275000000000091,0.19000000000005457,resistance,1815.135,1863.31
2023-10-11 08:00:00+00:00,1.1099999999999,5233,4.315000000000055,1.1600000000000819,2.3250000000000455,0.7899999999999636,resistance,1845.365,1864.85
2023-10-11 10:00:00+00:00,2.7849999999998545,3029,1.2049999999999272,0.3650000000000091,0.5050000000001091,1.1099999999999,resistance,1845.365,1869.625
2023-10-11 16:30:00+00:00,0.849999999999909,2436,2.0799999999999272,0.8399999999999181,1.0050000000001091,0.30500000000006366,resistance,1845.365,1874.0
2023-10-11 23:30:00+00:00,0.09000000000014552,242,0.6749999999999545,0.28500000000008185,0.4099999999998545,0.3650000000000091,resistance,1854.59,1875.175
2023-10-12 00:30:00+00:00,0.08500000000003638,1254,0.17499999999995453,0.09000000000014552,0.6749999999999545,0.28500000000008185,resistance,1854.59,1875.425
2023-10-12 01:30:00+00:00,0.6649999999999636,1592,1.3599999999999,0.08500000000003638,0.17499999999995453,0.09000000000014552,resistance,1854.59,1875.555
2023-10-12 04:00:00+00:00,0.46499999999991815,580,0.3000000000001819,0.5550000000000637,1.2150000000001455,1.8149999999998272,resistance,1854.59,1877.49
2023-10-12 05:00:00+00:00,1.1050000000000182,1042,1.625,0.46499999999991815,0.3000000000001819,0.5550000000000637,resistance,1854.59,1877.755
2023-10-12 07:00:00+00:00,1.115000000000009,3216,2.099999999999909,0.049999999999954525,0.21500000000014552,1.1050000000000182,resistance,1854.59,1880.19
2023-10-12 12:00:00+00:00,0.875,5521,1.5499999999999545,0.7049999999999272,0.14999999999986358,0.25,resistance,1854.59,1882.24
2023-10-13 08:30:00+00:00,0.8350000000000364,3012,2.4700000000000273,0.7949999999998454,4.394999999999982,0.9700000000000273,resistance,1859.53,1884.495
2023-10-13 09:30:00+00:00,1.3150000000000546,3588,2.5650000000000546,0.8350000000000364,2.4700000000000273,0.7949999999998454,resistance,1859.53,1884.67
2023-10-13 11:30:00+00:00,3.6849999999999454,5708,5.170000000000073,0.055000000000063665,0.125,1.3150000000000546,resistance,1868.39,1887.665
2023-10-13 14:30:00+00:00,7.309999999999945,8826,4.190000000000055,3.1749999999999545,5.935000000000173,8.415000000000191,resistance,1868.39,1913.39
2023-10-15 22:00:00+00:00,3.255000000000109,2440,3.1949999999999363,0.5599999999999454,0.5,0.8450000000000273,resistance,1868.39,1929.41
2023-10-18 01:30:00+00:00,2.9249999999999545,4988,8.710000000000036,1.150000000000091,1.3999999999998636,0.4499999999998181,resistance,1909.99,1932.26
2023-10-18 10:00:00+00:00,0.4900000000000091,2380,3.740000000000009,2.2200000000000273,0.06999999999993634,1.2799999999999727,resistance,1909.99,1942.04
2023-10-18 11:00:00+00:00,0.4450000000001637,1720,1.4549999999999272,0.4900000000000091,3.740000000000009,2.2200000000000273,resistance,1909.99,1944.365
2023-10-19 17:00:00+00:00,6.125,10734,5.764999999999873,0.05999999999994543,0.3850000000002183,5.460000000000036,resistance,1919.845,1957.15
2023-10-19 19:00:00+00:00,3.9849999999999,3526,0.9650000000001455,0.44000000000005457,4.555000000000064,6.125,resistance,1919.845,1972.755
2023-10-20 00:00:00+00:00,2.7950000000000728,3225,2.6549999999999727,2.089999999999918,1.8899999999998727,1.4149999999999636,resistance,1922.31,1977.215
2023-10-20 02:00:00+00:00,0.7250000000001364,2794,3.9750000000001364,1.0450000000000728,0.5399999999999636,2.7950000000000728,resistance,1922.31,1977.26
2023-10-20 07:30:00+00:00,0.15499999999997272,2694,0.6849999999999454,2.7899999999999636,1.1199999999998909,1.1000000000001364,resistance,1936.145,1979.505
2023-10-20 14:00:00+00:00,1.3099999999999454,11046,9.025000000000091,0.125,4.210000000000036,3.0,resistance,1943.18,1984.14
2023-10-24 10:30:00+00:00,2.9700000000000273,4242,1.709999999999809,0.8399999999999181,4.785000000000082,2.275000000000091,support,1966.345,1996.785
2023-10-25 14:00:00+00:00,8.545000000000073,8884,7.214999999999918,2.7899999999999636,0.900000000000091,0.5499999999999545,resistance,1960.985,1982.3
2023-10-26 02:30:00+00:00,0.36999999999989086,1407,0.24500000000011823,0.08000000000015461,1.2899999999999636,0.2949999999998454,resistance,1960.985,1985.195
2023-10-26 04:00:00+00:00,1.1449999999999818,1388,2.020000000000209,0.3350000000000364,0.36999999999989086,0.24500000000011823,resistance,1960.985,1985.255
2023-10-26 08:00:00+00:00,0.43499999999994543,2886,2.3900000000001,2.7200000000000273,1.025000000000091,0.21499999999991815,resistance,1960.985,1988.56
2023-10-26 09:00:00+00:00,0.5049999999998818,2008,2.4550000000001546,0.43499999999994543,2.3900000000001,2.7200000000000273,resistance,1960.985,1990.17
2023-10-27 18:00:00+00:00,11.029999999999973,6591,8.6400000000001,4.485000000000127,2.880000000000109,0.9200000000000728,resistance,1973.445,1992.16
2023-11-01 01:00:00+00:00,0.15999999999985448,2395,1.884999999999991,1.8350000000000364,0.7599999999999909,0.4399999999998272,support,1980.565,2007.0
2023-11-01 02:00:00+00:00,1.2349999999999,2332,0.5750000000000455,0.15999999999985448,1.884999999999991,1.8350000000000364,support,1980.055,2006.09
2023-11-01 04:00:00+00:00,0.5750000000000455,1618,1.3999999999998636,0.45499999999992724,0.01999999999998181,1.2349999999999,support,1978.375,2004.8
2023-11-01 19:00:00+00:00,3.900000000000091,6386,3.714999999999918,0.8400000000001455,1.1949999999999363,1.0950000000000273,support,1976.61,2004.285
2023-11-03 13:00:00+00:00,11.160000000000082,14731,11.184999999999945,1.2650000000001,0.6799999999998363,0.04500000000007276,resistance,1974.98,1990.48
2023-11-06 19:30:00+00:00,0.9500000000000455,1090,1.9649999999999181,0.375,1.9600000000000364,0.5049999999998818,support,1980.51,2000.21
2023-11-06 21:00:00+00:00,0.10500000000001819,895,2.0550000000000637,0.5199999999999818,0.9500000000000455,1.9649999999999181,support,1979.44,2000.21
2023-11-07 00:00:00+00:00,0.4550000000001546,1189,1.0550000000000637,0.02500000000009095,0.20499999999992724,0.10500000000001819,support,1977.675,2000.21
2023-11-07 02:00:00+00:00,1.384999999999991,1509,0.48499999999989996,0.25499999999988177,0.44000000000005457,0.4550000000001546,support,1976.07,2000.21
2023-11-07 04:00:00+00:00,0.7349999999999,1287,0.35999999999989996,0.16999999999984539,1.5599999999999454,1.384999999999991,support,1972.89,2000.21
2023-11-07 07:00:00+00:00,2.630000000000109,2572,0.8250000000000455,1.7999999999999545,1.740000000000009,0.5500000000001819,support,1971.48,2000.21
2023-11-07 08:30:00+00:00,1.5699999999999363,2822,1.0,0.915000000000191,2.630000000000109,0.8250000000000455,support,1968.465,2000.21
2023-11-07 10:00:00+00:00,0.43000000000006366,2011,1.3599999999999,1.134999999999991,1.5699999999999363,1.0,support,1966.76,2000.21
2023-11-07 11:30:00+00:00,0.6700000000000728,1808,1.4849999999999,0.27500000000009095,0.43000000000006366,1.3599999999999,support,1965.99,2000.21
2023-11-08 15:30:00+00:00,1.1399999999998727,6519,3.560000000000173,2.6200000000001182,1.9800000000000182,1.75,support,1958.845,1987.8
2023-11-08 17:00:00+00:00,1.6849999999999454,2339,1.4549999999999272,0.8949999999999818,1.1399999999998727,3.560000000000173,support,1955.515,1987.325
2023-11-08 18:30:00+00:00,0.10499999999979082,1828,1.6849999999999454,0.5050000000001091,1.6849999999999454,1.4549999999999272,support,1953.26,1984.33
2023-11-09 08:30:00+00:00,2.1299999999998818,2327,2.9750000000001364,0.8249999999998181,0.9300000000000637,0.5600000000001728,support,1948.25,1973.77
2023-11-09 10:30:00+00:00,1.0,2003,0.9249999999999545,1.1799999999998363,0.34999999999990905,2.1299999999998818,support,1946.36,1973.77
2023-11-09 13:00:00+00:00,2.0799999999999272,4408,1.5899999999999181,1.3799999999998818,1.7699999999999818,0.01999999999998181,support,1946.015,1969.805
2023-11-10 13:30:00+00:00,0.8000000000001819,5072,2.119999999999891,0.415000000000191,1.3399999999999181,0.3849999999999909,support,1945.855,1968.285
2023-11-10 15:00:00+00:00,0.724999999999909,8776,4.345000000000027,0.7200000000000273,0.8000000000001819,2.119999999999891,support,1945.275,1964.87
2023-11-10 17:30:00+00:00,2.144999999999982,2274,0.7549999999998818,0.6349999999999909,3.125,0.15499999999997272,support,1939.02,1964.87
2023-11-13 15:00:00+00:00,2.7200000000000273,7137,1.9849999999999,1.3799999999998818,0.3949999999999818,0.08999999999991815,support,1933.79,1964.34
2023-11-14 14:00:00+00:00,5.470000000000027,10640,8.509999999999991,0.6349999999999909,0.5349999999998545,0.1449999999999818,resistance,1932.69,1954.095
2023-11-15 06:30:00+00:00,0.029999999999972715,2763,2.634999999999991,0.775000000000091,1.2799999999999727,0.7699999999999818,resistance,1932.69,1968.42
2023-11-15 08:00:00+00:00,1.7149999999999181,2599,1.0750000000000455,0.4249999999999545,0.029999999999972715,2.634999999999991,resistance,1932.69,1969.7
2023-11-15 10:30:00+00:00,0.1150000000000091,1947,1.775000000000091,0.9800000000000182,1.0450000000000728,0.5450000000000728,resistance,1932.69,1972.1
2023-11-16 15:00:00+00:00,5.379999999999882,9301,7.759999999999991,0.15000000000009095,6.585000000000036,1.1900000000000546,resistance,1945.21,1973.255
2023-11-17 03:00:00+00:00,0.34999999999990905,2375,1.7449999999998909,0.22499999999990905,0.9499999999998181,0.4800000000000182,resistance,1957.535,1985.165
2023-11-17 08:00:00+00:00,1.8550000000000182,2172,2.990000000000009,1.1499999999998636,0.9100000000000819,0.08500000000003638,resistance,1957.535,1986.77
2023-11-17 09:00:00+00:00,2.130000000000109,3201,3.005000000000109,1.8550000000000182,2.990000000000009,1.1499999999998636,resistance,1957.535,1987.71
2023-11-21 04:00:00+00:00,1.0299999999999727,1836,1.6450000000002092,0.9149999999999636,1.7999999999999545,1.1050000000000182,resistance,1966.43,1992.73
2023-11-21 13:30:00+00:00,2.525000000000091,8824,6.009999999999991,0.9500000000000455,0.9249999999999545,0.17499999999995453,resistance,1966.43,1993.265
2023-11-27 00:30:00+00:00,1.8099999999999454,2187,1.5050000000001091,1.1100000000001273,0.035000000000081855,0.2949999999998454,resistance,1988.51,2002.495
2023-11-27 01:30:00+00:00,4.980000000000018,5763,14.899999999999864,1.8099999999999454,1.5050000000001091,1.1100000000001273,resistance,1988.51,2003.97
2023-11-28 01:00:00+00:00,2.6849999999999454,2971,1.199999999999818,0.7300000000000182,1.0350000000000819,0.16000000000008185,resistance,1990.655,2017.08
2023-11-28 14:00:00+00:00,5.839999999999918,5415,5.004999999999882,2.025000000000091,0.9500000000000455,0.0500000000001819,resistance,1992.715,2017.205
2023-11-28 16:00:00+00:00,5.429999999999836,6567,5.619999999999891,1.009999999999991,1.115000000000009,5.839999999999918,resistance,1993.34,2027.395
2023-11-28 23:30:00+00:00,1.1899999999998272,2166,1.5550000000000637,0.7550000000001091,0.9700000000000273,0.43000000000006366,resistance,1998.45,2042.165
2023-11-29 01:00:00+00:00,0.1449999999999818,6333,5.1099999999999,0.08000000000015461,1.1899999999998272,1.5550000000000637,resistance,1999.95,2044.475
2023-12-01 15:30:00+00:00,0.8049999999998363,8787,3.744999999999891,5.710000000000036,0.8449999999997999,0.8350000000000364,resistance,2034.6,2047.9
2023-12-03 23:00:00+00:00,59.50999999999976,4629,0.6900000000000546,0.3400000000001455,1.4149999999999636,2.394999999999982,resistance,2034.6,2071.83
2023-12-04 15:30:00+00:00,10.699999999999818,12683,17.029999999999745,4.845000000000027,12.285000000000082,7.25,support,2034.6,2133.06
2023-12-05 11:30:00+00:00,2.240000000000009,3495,2.6549999999999727,1.5900000000001455,5.25,2.964999999999918,support,2022.64,2133.06
2023-12-05 15:00:00+00:00,0.5699999999999363,13697,6.190000000000055,6.029999999999973,1.6050000000000182,3.105000000000018,support,2022.635,2133.06
2023-12-05 16:00:00+00:00,0.8400000000001455,8935,1.6100000000001273,0.5699999999999363,6.190000000000055,6.029999999999973,support,2017.36,2133.06
2023-12-07 13:30:00+00:00,2.9750000000001364,10494,0.9500000000000455,1.25,0.6449999999999818,1.125,resistance,2014.92,2034.21
2023-12-08 14:00:00+00:00,12.454999999999927,13620,9.074999999999818,0.08999999999991815,1.6949999999999363,0.775000000000091,support,2021.27,2037.255
2023-12-08 16:30:00+00:00,2.9549999999999272,5499,3.724999999999909,4.654999999999973,3.5850000000000364,2.5699999999999363,support,2006.165,2037.255
2023-12-11 04:00:00+00:00,0.4049999999999727,1635,2.459999999999809,1.5549999999998363,1.2449999999998909,2.7799999999999727,support,1997.265,2037.255
2023-12-11 08:00:00+00:00,4.059999999999945,4141,7.429999999999836,1.1849999999999454,0.3550000000000182,0.2400000000000091,support,1996.605,2037.255
2023-12-11 10:30:00+00:00,0.8350000000000364,2630,1.2550000000001091,0.4149999999999636,2.1949999999999363,0.7349999999999,support,1992.88,2037.255
2023-12-11 14:30:00+00:00,3.880000000000109,8596,3.290000000000191,0.30999999999994543,0.7699999999999818,0.36000000000012733,support,1992.205,2037.255
2023-12-11 17:30:00+00:00,2.0850000000000364,4274,2.759999999999991,0.3450000000000273,1.240000000000009,0.3350000000000364,support,1981.215,2037.255
2023-12-13 06:30:00+00:00,0.6700000000000728,2236,5.085000000000036,0.13999999999987267,0.5950000000000273,0.9700000000000273,support,1976.78,2000.215
2023-12-13 19:30:00+00:00,7.569999999999936,13008,23.875,0.11999999999989086,0.08999999999991815,0.09999999999990905,resistance,1973.83,1990.77
2023-12-14 08:30:00+00:00,3.6299999999998818,5950,7.4500000000000455,0.415000000000191,3.084999999999809,0.7400000000000091,resistance,1973.83,2038.07
2023-12-14 15:00:00+00:00,0.6449999999999818,9878,5.75,0.21000000000003638,3.75,5.5,resistance,1973.83,2040.21
2023-12-15 10:30:00+00:00,1.2550000000001091,2582,1.099999999999909,0.004999999999881766,2.625,2.3200000000001637,resistance,1973.83,2043.25
2023-12-19 16:30:00+00:00,1.5299999999999727,3494,3.9650000000001455,1.2849999999998545,1.650000000000091,10.349999999999909,resistance,2017.045,2043.705
2023-12-21 21:30:00+00:00,0.7650000000001,880,0.9500000000000455,0.32999999999992724,0.125,0.9350000000001728,resistance,2029.785,2044.595
2023-12-22 09:30:00+00:00,0.3550000000000182,2584,1.6300000000001091,1.3650000000002365,0.009999999999763531,0.7849999999998545,resistance,2029.785,2052.86
2023-12-22 11:30:00+00:00,1.375,6835,6.345000000000255,0.5399999999999636,2.8649999999997817,0.3550000000000182,resistance,2029.785,2056.35
2023-12-22 12:30:00+00:00,3.6550000000002,7306,3.0649999999996,1.375,6.345000000000255,0.5399999999999636,resistance,2029.785,2062.135
2023-12-22 14:00:00+00:00,0.25,9338,5.2849999999998545,1.7550000000001091,3.6550000000002,3.0649999999996,resistance,2029.785,2063.845
2023-12-27 09:30:00+00:00,0.2300000000000182,1425,1.2049999999999272,0.3550000000000182,0.974999999999909,0.1750000000001819,resistance,2047.75,2068.495
2023-12-27 12:30:00+00:00,1.3900000000003274,3457,0.8650000000002365,0.6900000000000546,2.775000000000091,0.9650000000001455,resistance,2052.53,2068.625
2023-12-27 15:00:00+00:00,6.820000000000164,5746,1.3099999999999454,0.6350000000002183,0.8650000000002365,0.20000000000027285,resistance,2052.53,2069.105
2023-12-27 18:00:00+00:00,0.11000000000012733,3185,1.0149999999998727,0.8650000000002365,1.0899999999996908,1.6649999999999636,resistance,2052.53,2081.74
2023-12-28 01:30:00+00:00,3.1349999999997635,3239,4.255000000000109,0.25500000000010914,0.3949999999999818,0.8899999999998727,resistance,2052.665,2081.92
2023-12-28 03:00:00+00:00,1.7899999999999636,2594,1.4149999999999636,0.6149999999997817,3.1349999999997635,4.255000000000109,resistance,2052.665,2087.1
2023-12-29 10:30:00+00:00,2.3850000000002183,3490,3.1100000000001273,2.7649999999998727,0.34999999999990905,3.2149999999996908,support,2063.865,2088.04
2023-12-29 14:00:00+00:00,1.7550000000001091,5597,6.2400000000002365,0.02500000000009095,1.8949999999999818,0.4800000000000182,support,2062.52,2088.04
